    <ConnectionComponent Id="PSM-RabbitMQ" FullScreen="No" Height="768" Width="1024" EnableWindowScrollbar="No" EnableToolbars="No" DisplayName="PSM-RabbitMQ" Type="CyberArk.PasswordVault.TransparentConnection.PSM.PSMConnectionComponent, CyberArk.PasswordVault.TransparentConnection.PSM">
      <ComponentParameters />
      <UserParameters>
        <Parameter Name="AllowMappingLocalDrives" Type="CyberArk.TransparentConnection.BooleanUserParameter, CyberArk.PasswordVault.TransparentConnection" Value="Yes" Visible="No" Required="Yes" EnforceInDualControlRequest="No" />
      </UserParameters>
      <TargetSettings Protocol="HTTP" ClientApp="Chrome" ClientDispatcher="&quot;{PSMComponentsFolder}\CyberArk.PSM.WebAppDispatcher.exe&quot; &quot;{PSMComponentsFolder}&quot;" ClientInvokeType="WebForm" ConnectionComponentInitTimeout="20000">
        <ClientSpecific>
          <Parameter Name="ActionTimeout" Value="40" />
          <Parameter Name="PageLoadTimeout" Value="60" />
          <Parameter Name="RunValidations" Value="Yes" />
          <Parameter Name="BrowserPath" Value="C:\Program Files (x86)\Google\Chrome\Application\chrome.exe" />
        </ClientSpecific>
        <LockAppWindow Enable="Yes" MainWindowClass="Chrome_WidgetWin_1" Timeout="20000" SearchWindowWaitTimeout="30" />
        <WebFormSettings LogonURL="http://{address}:15672" FormName="Deprecated" WebFormFields="username&gt;{Username}(SearchBy=name)&#xA;password&gt;{Password}(SearchBy=name)&#xA;/html/body/div^[1^]/div/form/table/tbody/tr^[3^]/td/input&gt;(Button)(SearchBy=xpath)&#xA;/html/body/div^[1^]/div^[1^]/ul/li^[4^]/form/input&gt;(Validation)(SearchBy=xpath)&#xA;" EnforceCertificateValidation="No" />
        <Capabilities>
          <Capability Id="WindowsEventsAudit" />
          <Capability Id="WindowsEventsTextRecorder" />
        </Capabilities>
      </TargetSettings>
    </ConnectionComponent>
