<Device Name="Imported Platforms">
	<Policies>
		<Policy ID="ConjurHosts" PlatformBaseID="UnixSSH" PlatformBaseType="Unix" PlatformBaseProtocol="SSH" AutoChangeOnAdd="No" AutoVerifyOnAdd="No">
			<Properties>
				<Required>
					<Property Name="Address" />
					<Property Name="Username" DisplayName="host/" />
					<Property Name="AWSAccessKeyID" />
				</Required>
				<Optional></Optional>
			</Properties>
			<LinkedPasswords>
            	<Link Name="ReconcileAccount" PropertyIndex="3" />
			</LinkedPasswords>
			<TicketingSystem EnterTicketingInfo="No" ValidateTicketNumber="No" />
		</Policy>
	</Policies>
</Device>
